Country_Region,ÃÑÈ®ÁøÀÚ,ÀÏÆò±Õ È®ÁøÀÚ,ÃÑ»ç¸ÁÀÚ,ÀÏÆò±Õ »ç¸ÁÀÚ,missC,nullC,missD,nullD
Afghanistan,105754,289.7369863,5167,14.15616438,0,0,0,0
Albania,151908,416.1863014,2036,5.578082192,0,0,0,0
Algeria,118822,325.539726,3520,9.643835616,0,0,0,0
Andorra,15691,42.9890411,56,0.153424658,0,0,0,0
Angola,64040,175.4520548,1365,3.739726027,0,0,0,0
Antarctica,11,0.030136986,0,0,0,0,0,0
Antigua and Barbuda,4125,11.33241758,114,0.312328767,1,0,0,0
Argentina,4028894,11038.06575,73924,202.5315068,0,0,0,0
Armenia,185521,508.2767123,5151,14.1510989,0,0,1,0
Australia,397071,1087.865753,1346,3.707988981,0,0,2,0
Austria,914748,2506.158904,9329,25.55890411,0,0,0,0
Azerbaijan,398247,1091.087671,5717,15.6630137,0,0,0,0
Bahamas,16653,45.75,547,1.498630137,1,0,0,0
Bahrain,189387,518.8684932,1042,2.854794521,0,0,0,0
Bangladesh,1072029,2937.065753,20513,56.2,0,0,0,0
Barbados,28182,77.2109589,253,0.693150685,0,0,0,0
Belarus,504826,1383.084932,4154,11.38082192,0,0,0,0
Belgium,1458847,3996.841096,8803,24.11780822,0,0,0,0
Belize,22064,60.44931507,358,0.986225895,0,0,2,0
Benin,21684,59.40821918,117,0.320547945,0,0,0,0
Bhutan,1990,5.452054795,3,0.008219178,0,0,0,0
Bolivia,439629,1204.463014,10515,28.80821918,0,0,0,0
Bosnia and Herzegovina,180328,494.0493151,9403,25.83241758,0,0,1,0
Botswana,204704,560.8328767,2402,6.580821918,0,0,0,0
Brazil,14610807,40029.60822,424262,1162.361644,0,0,0,0
Brunei,15331,42.11813187,95,0.260273973,1,0,0,0
Bulgaria,544842,1492.717808,23379,64.05205479,0,0,0,0
Burkina Faso,10925,29.93150685,233,0.638356164,0,0,0,0
Burma,406204,1112.887671,16587,45.56868132,0,0,1,0
Burundi,26548,72.73424658,36,0.098630137,0,0,0,0
Cabo Verde,29892,81.89589041,240,0.659340659,0,0,1,0
Cambodia,120115,329.0821918,3012,8.252054795,0,0,0,0
Cameroon,83090,227.6438356,1403,3.843835616,0,0,0,0
Canada,1633486,4475.30411,14585,40.06868132,0,0,1,0
Central African Republic,7200,19.7260274,38,0.104109589,0,0,0,0
Chad,3590,9.835616438,77,0.210958904,0,0,0,0
Chile,1197521,3280.879452,22720,62.41758242,0,0,1,0
China,25325,69.38356164,67,0.183561644,0,0,0,0
Colombia,3514665,9629.219178,86729,237.6136986,0,0,0,0
Comoros,5692,15.59452055,147,0.402739726,0,0,0,0
Congo (Brazzaville),12982,35.56712329,259,0.709589041,0,0,0,0
Congo (Kinshasa),57135,156.5342466,614,1.682191781,0,0,0,0
Costa Rica,401235,1099.273973,5168,14.15890411,0,0,0,0
Cote d'Ivoire,48514,132.9150685,577,1.580821918,0,0,0,0
Croatia,504408,1381.939726,8618,23.6109589,0,0,0,0
Cuba,954141,2614.084932,8176,22.4,0,0,0,0
Cyprus,144481,395.8383562,518,1.419178082,0,0,0,0
Czechia,1760378,4849.526171,24565,68.23611111,2,0,5,0
Denmark,648657,1782.024725,1984,5.435616438,1,0,0,0
Diamond Princess,0,0,0,0,0,0,0,0
Djibouti,7825,21.43835616,128,0.350684932,0,0,0,0
Dominica,6760,18.57142857,47,0.128767123,1,0,0,0
Dominican Republic,247993,679.4328767,1833,5.021917808,0,0,0,0
Ecuador,337313,926.6840659,19647,53.82739726,1,0,0,0
Egypt,247513,678.1178082,14121,38.68767123,0,0,0,0
El Salvador,75703,207.4054795,2497,6.84109589,0,0,0,0
Equatorial Guinea,8433,23.10410959,89,0.243835616,0,0,0,0
Eritrea,6691,18.33150685,73,0.2,0,0,0,0
Estonia,213418,584.7068493,1703,4.665753425,0,0,0,0
Eswatini,56751,155.4821918,1098,3.008219178,0,0,0,0
Ethiopia,296078,811.1726027,5014,13.7369863,0,0,0,0
Fiji,53283,145.9808219,698,1.917582418,0,0,1,0
Finland,234407,642.2109589,1122,3.073972603,0,0,0,0
France,7748967,21288.37088,59971,164.3041096,1,0,0,0
Gabon,32227,88.29315068,224,0.61369863,0,0,0,0
Gambia,6373,17.46027397,219,0.6,0,0,0,0
Georgia,707321,1937.865753,11295,30.94520548,0,0,0,0
Germany,5447352,15006.47934,78321,215.1675824,2,0,1,0
Ghana,88215,241.6849315,960,2.630136986,0,0,0,0
Greece,1072003,2936.994521,15952,43.70410959,0,0,0,0
Grenada,6054,16.58630137,200,0.547945205,0,0,0,0
Guatemala,490347,1343.416438,11297,31.03571429,0,0,1,0
Guinea,18329,50.21643836,310,0.849315068,0,0,0,0
Guinea-Bissau,4032,11.04657534,104,0.284931507,0,0,0,0
Guyana,33241,91.07123288,890,2.438356164,0,0,0,0
Haiti,15986,43.79726027,534,1.479224377,0,0,4,0
Holy See,0,0,0,0,0,0,0,0
Honduras,257575,705.6849315,7304,20.06593407,0,0,1,0
Hungary,933901,2558.632877,29649,81.23013699,0,0,0,0
Iceland,21306,58.53296703,8,0.021917808,1,0,0,0
India,24574870,67328.41096,332492,910.9369863,0,0,0,0
Indonesia,3519522,9642.526027,121956,334.1260274,0,0,0,0
Iran,4969259,13614.40822,76383,209.2684932,0,0,0,0
Iraq,1498449,4105.339726,11345,31.08219178,0,0,0,0
Ireland,699686,1932.834254,3678,10.1043956,3,0,1,0
Israel,961872,2649.785124,4926,13.64542936,2,0,4,0
Italy,4018517,11009.63562,63243,173.2684932,0,0,0,0
Jamaica,81093,222.1726027,2171,5.947945205,0,0,0,0
Japan,1496547,4100.128767,14897,40.81369863,0,0,0,0
Jordan,768911,2106.605479,8819,24.16164384,0,0,0,0
Kazakhstan,930697,2556.85989,15743,43.25,1,0,1,0
Kenya,198570,544.0273973,3708,10.15890411,0,0,0,0
Kiribati,2,0.005479452,0,0,0,0,0,0
"Korea, North",0,0,0,0,0,0,0,0
"Korea, South",573484,1571.189041,4708,12.89863014,0,0,0,0
Kosovo,110340,302.3013699,1658,4.542465753,0,0,0,0
Kuwait,266551,730.2767123,1534,4.202739726,0,0,0,0
Kyrgyzstan,103655,283.9863014,1447,3.964383562,0,0,0,0
Laos,111019,304.1616438,372,1.019178082,0,0,0,0
Latvia,235770,645.9452055,3935,10.78082192,0,0,0,0
Lebanon,546427,1497.060274,7651,20.96164384,0,0,0,0
Lesotho,25314,69.35342466,614,1.682191781,0,0,0,0
Liberia,4660,12.83746556,301,0.826923077,2,0,1,0
Libya,288457,790.2931507,4232,11.59452055,0,0,0,0
Liechtenstein,3910,10.71232877,25,0.068493151,0,0,0,0
Lithuania,379375,1039.383562,5597,15.33424658,0,0,0,0
Luxembourg,57351,157.1260274,420,1.150684932,0,0,0,0
MS Zaandam,0,0,0,0,0,0,0,0
Madagascar,32565,89.21917808,766,2.098630137,0,0,0,0
Malawi,68492,187.6493151,2175,5.95890411,0,0,0,0
Malaysia,2645076,7246.783562,31016,84.97534247,0,0,0,0
Maldives,81943,224.5013699,214,0.58630137,0,0,0,0
Mali,13918,38.13150685,391,1.071232877,0,0,0,0
Malta,39699,108.7643836,257,0.704109589,0,0,0,0
Marshall Islands,0,0,0,0,0,0,0,0
Mauritania,27109,74.27123288,519,1.421917808,0,0,0,0
Mauritius,67953,186.1726027,776,2.126027397,0,0,0,0
Mexico,2553629,6996.243836,173621,475.6739726,0,0,0,0
Micronesia,1,0.002898551,0,0,0,20,0,20
Moldova,231337,633.8,7290,19.97260274,0,0,0,0
Monaco,4110,11.26027397,35,0.095890411,0,0,0,0
Mongolia,691426,1894.317808,1985,5.438356164,0,0,0,0
Montenegro,121787,333.6630137,1730,4.752747253,0,0,1,0
Morocco,523899,1435.339726,7461,20.44109589,0,0,0,0
Mozambique,170454,468.2802198,1874,5.148351648,1,0,1,0
Namibia,124033,339.8164384,3429,9.42032967,0,0,1,0
Nepal,567838,1555.720548,9738,26.67945205,0,0,0,0
Netherlands,2374752,6506.169863,9867,27.03287671,0,0,0,0
New Zealand,11961,32.95041322,22,0.060273973,2,0,0,0
Nicaragua,8734,23.92876712,52,0.142465753,0,0,0,0
Niger,4082,11.18356164,171,0.468493151,0,0,0,0
Nigeria,153906,421.660274,1741,4.769863014,0,0,0,0
North Macedonia,141720,388.2739726,5457,14.95068493,0,0,0,0
Norway,344692,944.3616438,871,2.399449036,0,0,2,0
Oman,176622,483.8958904,2617,7.169863014,0,0,0,0
Pakistan,813755,2229.465753,18757,51.3890411,0,0,0,0
Palau,10,0.02739726,0,0,0,0,0,0
Panama,249130,682.5479452,3406,9.331506849,0,0,0,0
Papua New Guinea,35378,96.9260274,581,1.591780822,0,0,0,0
Paraguay,358169,981.2849315,14362,39.34794521,0,0,0,0
Peru,1281694,3511.490411,110329,303.9366391,0,0,2,0
Philippines,2369926,6510.785714,42260,115.7808219,1,0,0,0
Poland,2813337,7707.772603,68500,187.6712329,0,0,0,0
Portugal,975968,2673.884932,12049,33.0109589,0,0,0,0
Qatar,106694,292.3123288,373,1.021917808,0,0,0,0
Romania,1176628,3223.638356,42985,117.7671233,0,0,0,0
Russia,7193058,19707.00822,246400,675.0684932,0,0,0,0
Rwanda,103403,283.2958904,1258,3.446575342,0,0,0,0
Saint Kitts and Nevis,2967,8.128767123,28,0.076712329,0,0,0,0
Saint Lucia,13217,36.2109589,290,0.794520548,0,0,0,0
Saint Vincent and the Grenadines,5729,15.69589041,81,0.221917808,0,0,0,0
Samoa,1,0.002739726,0,0,0,0,0,0
San Marino,5869,16.07945205,41,0.112328767,0,0,0,0
Sao Tome and Principe,2883,7.898630137,44,0.120879121,0,0,1,0
Saudi Arabia,193495,530.1232877,2654,7.271232877,0,0,0,0
Senegal,55915,153.1917808,1480,4.054794521,0,0,0,0
Serbia,961416,2634.016438,9503,26.03561644,0,0,0,0
Seychelles,24563,67.48076923,134,0.367123288,1,0,0,0
Sierra Leone,4453,12.2,47,0.128767123,0,0,0,0
Singapore,220806,604.9479452,799,2.189041096,0,0,0,0
Slovakia,1096479,3004.052055,14497,39.71780822,0,0,0,0
Slovenia,341896,936.7013699,2892,7.923287671,0,0,0,0
Solomon Islands,7,0.019178082,0,0,0,0,0,0
Somalia,18818,51.55616438,1203,3.295890411,0,0,0,0
South Africa,2401125,6578.424658,62676,171.7150685,0,0,0,0
South Sudan,11684,32.0109589,72,0.197260274,0,0,0,0
Spain,4440910,12233.91185,38568,105.6657534,2,0,0,0
Sri Lanka,543946,1490.263014,14775,40.47945205,0,0,0,0
Sudan,21031,57.77747253,1863,5.104109589,1,0,0,0
Summer Olympics 2020,865,2.369863014,0,0,0,0,0,0
Suriname,46236,126.6739726,1067,2.923287671,0,0,0,0
Sweden,877405,2403.849315,6587,18.14600551,0,0,2,0
Switzerland,880319,2411.832877,4451,12.57344633,0,0,11,0
Syria,38844,106.4219178,2186,5.989041096,0,0,0,0
Taiwan*,16230,44.46575342,843,2.309589041,0,0,0,0
Tajikistan,3828,10.48767123,35,0.095890411,0,0,0,0
Tanzania,28797,78.89589041,716,1.961643836,0,0,0,0
Thailand,2216551,6072.742466,21637,59.27945205,0,0,0,0
Timor-Leste,19793,54.22739726,122,0.334246575,0,0,0,0
Togo,26530,72.68493151,180,0.493150685,0,0,0,0
Tonga,1,0.002739726,0,0,0,0,0,0
Trinidad and Tobago,84749,232.1890411,2742,7.512328767,0,0,0,0
Tunisia,587566,1609.769863,20893,57.24109589,0,0,0,0
Turkey,7273898,19928.48767,61480,168.4383562,0,0,0,0
US,34645729,94919.80548,475132,1301.731507,0,0,0,0
Uganda,105521,289.0986301,3049,8.376373626,0,0,1,0
Ukraine,2760229,7562.271233,82807,226.8684932,0,0,0,0
United Arab Emirates,554115,1518.123288,1495,4.095890411,0,0,0,0
United Kingdom,10521815,28985.71625,82470,225.9452055,2,0,0,0
Uruguay,394264,1080.175342,5989,16.40821918,0,0,0,0
Uzbekistan,121843,333.8164384,871,2.38630137,0,0,0,0
Vanuatu,6,0.016438356,1,0.002739726,0,0,0,0
Venezuela,331077,907.060274,4300,11.78082192,0,0,0,0
Vietnam,1729792,4739.156164,32359,88.65479452,0,0,0,0
West Bank and Gaza,331744,908.8876712,3519,9.64109589,0,0,0,0
Winter Olympics 2022,0,0,0,0,0,0,0,0
Yemen,8027,21.99178082,1374,3.764383562,0,0,0,0
Zambia,233549,639.860274,3346,9.167123288,0,0,0,0
Zimbabwe,199391,546.2767123,4641,12.71506849,0,0,0,0
